{"root":[{"assemblyName":"BehaviorDesigner.Runtime","nameSpace":"BehaviorDesigner.Runtime","className":"Behavior","methodName":"DomainReset","loadTypes":4,"isUnityClass":false},{"assemblyName":"BehaviorDesigner.Runtime","nameSpace":"BehaviorDesigner.Runtime","className":"BehaviorManager","methodName":"DomainReset","loadTypes":4,"isUnityClass":false},{"assemblyName":"BehaviorDesigner.Runtime","nameSpace":"BehaviorDesigner.Runtime","className":"GlobalVariables","methodName":"DomainReset","loadTypes":4,"isUnityClass":false},{"assemblyName":"Unity.2D.Animation.Runtime","nameSpace":"UnityEngine.U2D.Animation","className":"GpuDeformationSystem","methodName":"CreateFallbackBuffer","loadTypes":0,"isUnityClass":true},{"assemblyName":"Unity.2D.Animation.Runtime","nameSpace":"","className":"__JobReflectionRegistrationOutput__12640072059193112690","methodName":"EarlyInit","loadTypes":2,"isUnityClass":true},{"assemblyName":"Unity.2D.Animation.Runtime","nameSpace":"","className":"$BurstDirectCallInitializer","methodName":"Initialize","loadTypes":2,"isUnityClass":true},{"assemblyName":"Unity.2D.SpriteShape.Runtime","nameSpace":"","className":"$BurstDirectCallInitializer","methodName":"Initialize","loadTypes":2,"isUnityClass":true},{"assemblyName":"Unity.AppUI","nameSpace":"Unity.AppUI.Core","className":"AppUI","methodName":"RunInitializeInPlayer","loadTypes":4,"isUnityClass":true},{"assemblyName":"Unity.AppUI","nameSpace":"Unity.AppUI.Core","className":"AppUIManagerBehaviour","methodName":"Create","loadTypes":0,"isUnityClass":true},{"assemblyName":"Unity.AppUI","nameSpace":"Unity.AppUI.Core","className":"Platform","methodName":"Initialize","loadTypes":4,"isUnityClass":true},{"assemblyName":"Unity.Behavior","nameSpace":"Unity.Properties.Generated","className":"PropertyBagRegistry","methodName":"Initialize","loadTypes":4,"isUnityClass":true},{"assemblyName":"Unity.Behavior","nameSpace":"Unity.Behavior","className":"PlayAudioAction","methodName":"ResetStaticInstance","loadTypes":0,"isUnityClass":true},{"assemblyName":"Unity.Behavior.Serialization","nameSpace":"Unity.Behavior.Serialization","className":"DefaultPropertyBagInitializer","methodName":"Initialize","loadTypes":0,"isUnityClass":true},{"assemblyName":"Unity.Behavior.Serialization","nameSpace":"Unity.Behavior.Serialization.Json","className":"JsonObject","methodName":"RegisterPropertyBag","loadTypes":4,"isUnityClass":true},{"assemblyName":"Unity.Behavior.Serialization","nameSpace":"Unity.Behavior.Serialization.Json","className":"JsonArray","methodName":"RegisterPropertyBag","loadTypes":4,"isUnityClass":true},{"assemblyName":"Unity.Behavior.Serialization","nameSpace":"","className":"__JobReflectionRegistrationOutput__279010397749028162","methodName":"EarlyInit","loadTypes":2,"isUnityClass":true},{"assemblyName":"Unity.Burst","nameSpace":"","className":"$BurstDirectCallInitializer","methodName":"Initialize","loadTypes":2,"isUnityClass":true},{"assemblyName":"Unity.Collections","nameSpace":"","className":"__JobReflectionRegistrationOutput__1652832624114795843","methodName":"EarlyInit","loadTypes":2,"isUnityClass":true},{"assemblyName":"Unity.Collections","nameSpace":"","className":"$BurstDirectCallInitializer","methodName":"Initialize","loadTypes":2,"isUnityClass":true},{"assemblyName":"Unity.InputSystem","nameSpace":"UnityEngine.InputSystem","className":"InputSystem","methodName":"RunInitializeInPlayer","loadTypes":4,"isUnityClass":true},{"assemblyName":"Unity.InputSystem","nameSpace":"UnityEngine.InputSystem","className":"InputSystem","methodName":"RunInitialUpdate","loadTypes":1,"isUnityClass":true},{"assemblyName":"Unity.InputSystem.ForUI","nameSpace":"UnityEngine.InputSystem.Plugins.InputForUI","className":"InputSystemProvider","methodName":"Bootstrap","loadTypes":4,"isUnityClass":true},{"assemblyName":"Unity.Rendering.LightTransport.Runtime","nameSpace":"","className":"__JobReflectionRegistrationOutput__16164947281921951637","methodName":"EarlyInit","loadTypes":2,"isUnityClass":true},{"assemblyName":"Unity.RenderPipelines.Core.Runtime","nameSpace":"UnityEngine.Experimental.Rendering","className":"XRSystem","methodName":"XRSystemInit","loadTypes":3,"isUnityClass":true},{"assemblyName":"Unity.RenderPipelines.Core.Runtime","nameSpace":"UnityEngine.Rendering","className":"DebugUpdater","methodName":"RuntimeInit","loadTypes":0,"isUnityClass":true},{"assemblyName":"Unity.RenderPipelines.GPUDriven.Runtime","nameSpace":"","className":"__JobReflectionRegistrationOutput__15867191014387474753","methodName":"EarlyInit","loadTypes":2,"isUnityClass":true},{"assemblyName":"Unity.RenderPipelines.GPUDriven.Runtime","nameSpace":"","className":"$BurstDirectCallInitializer","methodName":"Initialize","loadTypes":2,"isUnityClass":true},{"assemblyName":"Unity.RenderPipelines.Universal.2D.Runtime","nameSpace":"","className":"$BurstDirectCallInitializer","methodName":"Initialize","loadTypes":2,"isUnityClass":true},{"assemblyName":"Unity.VisualScripting.Core","nameSpace":"Unity.VisualScripting","className":"RuntimeVSUsageUtility","methodName":"RuntimeInitializeOnLoadBeforeSceneLoad","loadTypes":1,"isUnityClass":true}]}
